{
    "mnist_acc": 0.9872000217437744,
    "mnist_nll": 0.06389683485031128,
    "mnist_ece": 0.027829325285553912,
    "mnist_mce": 0.2698977589607239,
    "mnist_brier": 0.025051313351282883,
    "mnist_conf": 0.9594910144805908,
    "fmnist_conf": 0.5861114263534546,
    "auroc": 0.9490136650000001,
    "cal_x": [
        0.05,
        0.15000000000000002,
        0.2707013487815857,
        0.35071319341659546,
        0.4570677578449249,
        0.5426022410392761,
        0.648405134677887,
        0.7501797080039978,
        0.8580937385559082,
        0.9908508658409119
    ],
    "cal_y": [
        NaN,
        NaN,
        0.23529411764705882,
        0.6,
        0.6880733944954128,
        0.8125,
        0.9130434782608695,
        0.9372197309417041,
        0.995049504950495,
        0.9991048450262952
    ]
}