{
    "mnist_acc": 0.9886999726295471,
    "mnist_nll": 1.9913320541381836,
    "mnist_ece": 0.8520073121309281,
    "mnist_mce": 0.8520073121309281,
    "mnist_brier": 0.8287436792354632,
    "mnist_conf": 0.13669268786907196,
    "fmnist_conf": 0.12346270680427551,
    "auroc": 0.946441835,
    "cal_x": [
        0.05,
        0.13669268786907196,
        0.25,
        0.35000000000000003,
        0.45,
        0.55,
        0.6500000000000001,
        0.75,
        0.8500000000000001,
        0.95
    ],
    "cal_y": [
        NaN,
        0.9887,
        NaN,
        NaN,
        NaN,
        NaN,
        NaN,
        NaN,
        NaN,
        NaN
    ]
}