{
    "mnist_acc": 0.9876999855041504,
    "mnist_nll": 0.04568430781364441,
    "mnist_ece": 0.006791341117024422,
    "mnist_mce": 0.7133521735668182,
    "mnist_brier": 0.020462439010605543,
    "mnist_conf": 0.9809473752975464,
    "fmnist_conf": 0.6657094955444336,
    "auroc": 0.9519001149999999,
    "cal_x": [
        0.05,
        0.15000000000000002,
        0.27921104431152344,
        0.361784964799881,
        0.4519287347793579,
        0.5495135188102722,
        0.6516439914703369,
        0.7539514899253845,
        0.8574622273445129,
        0.9966616630554199
    ],
    "cal_y": [
        NaN,
        NaN,
        0.5,
        0.42105263157894735,
        0.6774193548387096,
        0.6774193548387096,
        0.73,
        0.8666666666666667,
        0.9523809523809523,
        0.9977718832891247
    ]
}