{
    "mnist_acc": 0.9886999726295471,
    "mnist_nll": 0.04352114722132683,
    "mnist_ece": 0.006580285131931296,
    "mnist_mce": 0.2555232048034668,
    "mnist_brier": 0.01847496720638234,
    "mnist_conf": 0.9946096539497375,
    "fmnist_conf": 0.8581241965293884,
    "auroc": 0.9330059800000001,
    "cal_x": [
        0.05,
        0.15000000000000002,
        0.25,
        0.35000000000000003,
        0.45762109756469727,
        0.5548866391181946,
        0.6539736986160278,
        0.7555232048034668,
        0.8590645790100098,
        0.9989780783653259
    ],
    "cal_y": [
        NaN,
        NaN,
        NaN,
        NaN,
        0.4,
        0.6666666666666666,
        0.5555555555555556,
        0.5,
        0.7241379310344828,
        0.9948160195161618
    ]
}