{
    "mnist_acc": 0.16779999434947968,
    "mnist_nll": 2.6511335372924805,
    "mnist_ece": 0.09393830111175776,
    "mnist_mce": 0.21298604488372802,
    "mnist_brier": 0.9160877987185108,
    "mnist_conf": 0.2617383301258087,
    "fmnist_conf": 0.26161569356918335,
    "auroc": 0.50103356,
    "cal_x": [
        0.05,
        0.18705730140209198,
        0.24775978922843933,
        0.3378553092479706,
        0.43449538946151733,
        0.5339598655700684,
        0.6189289093017578,
        0.75,
        0.8500000000000001,
        0.95
    ],
    "cal_y": [
        NaN,
        0.12696245733788397,
        0.16425652310594152,
        0.2208267922553637,
        0.31223628691983124,
        0.21739130434782608,
        1.0,
        NaN,
        NaN,
        NaN
    ]
}