{
    "mnist_acc": 0.9884999990463257,
    "mnist_nll": 0.03929176926612854,
    "mnist_ece": 0.004376871979236587,
    "mnist_mce": 0.1240388067757211,
    "mnist_brier": 0.018028792751181386,
    "mnist_conf": 0.9928768277168274,
    "fmnist_conf": 0.827643871307373,
    "auroc": 0.9338885549999999,
    "cal_x": [
        0.05,
        0.15000000000000002,
        0.25,
        0.35000000000000003,
        0.46799421310424805,
        0.546768307685852,
        0.6551094651222229,
        0.7581851482391357,
        0.8564461469650269,
        0.9985284805297852
    ],
    "cal_y": [
        NaN,
        NaN,
        NaN,
        NaN,
        0.4166666666666667,
        0.5454545454545454,
        0.55,
        0.6341463414634146,
        0.8292682926829268,
        0.9953022875816994
    ]
}