{
    "mnist_acc": 0.9886999726295471,
    "mnist_nll": 2.1896417140960693,
    "mnist_ece": 0.8767022913217545,
    "mnist_mce": 0.8767022913217545,
    "mnist_brier": 0.8762859755805242,
    "mnist_conf": 0.11199770867824554,
    "fmnist_conf": 0.10770117491483688,
    "auroc": 0.955928145,
    "cal_x": [
        0.05,
        0.11199770867824554,
        0.25,
        0.35000000000000003,
        0.45,
        0.55,
        0.6500000000000001,
        0.75,
        0.8500000000000001,
        0.95
    ],
    "cal_y": [
        NaN,
        0.9887,
        NaN,
        NaN,
        NaN,
        NaN,
        NaN,
        NaN,
        NaN,
        NaN
    ]
}