{
    "mnist_acc": 0.9886000156402588,
    "mnist_nll": 1.4413551092147827,
    "mnist_ece": 0.7499745474815369,
    "mnist_mce": 0.7545636623573827,
    "mnist_brier": 0.6480571274853402,
    "mnist_conf": 0.23862546682357788,
    "fmnist_conf": 0.1652916669845581,
    "auroc": 0.960837875,
    "cal_x": [
        0.05,
        0.17864872515201569,
        0.2445572167634964,
        0.35000000000000003,
        0.45,
        0.55,
        0.6500000000000001,
        0.75,
        0.8500000000000001,
        0.95
    ],
    "cal_y": [
        NaN,
        0.8822222222222222,
        0.9991208791208791,
        NaN,
        NaN,
        NaN,
        NaN,
        NaN,
        NaN,
        NaN
    ]
}