{
    "mnist_acc": 0.9878000020980835,
    "mnist_nll": 0.05074647441506386,
    "mnist_ece": 0.01187049815356727,
    "mnist_mce": 0.4800730049610138,
    "mnist_brier": 0.021753069050023242,
    "mnist_conf": 0.9759294986724854,
    "fmnist_conf": 0.6417952179908752,
    "auroc": 0.95004365,
    "cal_x": [
        0.05,
        0.15000000000000002,
        0.27720606327056885,
        0.36042851209640503,
        0.4592552185058594,
        0.5483368039131165,
        0.6568184494972229,
        0.7501887679100037,
        0.8590818047523499,
        0.9957368969917297
    ],
    "cal_y": [
        NaN,
        NaN,
        0.5,
        0.5,
        0.68,
        0.6385542168674698,
        0.7884615384615384,
        0.8675496688741722,
        0.9709090909090909,
        0.9982808638659074
    ]
}