{
    "mnist_acc": 0.9866999983787537,
    "mnist_nll": 0.05146999657154083,
    "mnist_ece": 0.01156654178500172,
    "mnist_mce": 0.24036855101585386,
    "mnist_brier": 0.022777133110531225,
    "mnist_conf": 0.9751334190368652,
    "fmnist_conf": 0.6345125436782837,
    "auroc": 0.95363998,
    "cal_x": [
        0.05,
        0.15000000000000002,
        0.2764206826686859,
        0.35503318905830383,
        0.46086326241493225,
        0.5541234016418457,
        0.6497734785079956,
        0.7567844390869141,
        0.8611283302307129,
        0.9954673051834106
    ],
    "cal_y": [
        NaN,
        NaN,
        0.0,
        0.4230769230769231,
        0.5357142857142857,
        0.6597938144329897,
        0.8461538461538461,
        0.8881118881118881,
        0.9621993127147767,
        0.9984917043740573
    ]
}