{
    "mnist_acc": 0.9872999787330627,
    "mnist_nll": 0.04785357043147087,
    "mnist_ece": 0.013826948678493503,
    "mnist_mce": 0.22974327206611633,
    "mnist_brier": 0.022132243364358362,
    "mnist_conf": 0.973473072052002,
    "fmnist_conf": 0.7121749520301819,
    "auroc": 0.923740985,
    "cal_x": [
        0.05,
        0.15000000000000002,
        0.2840486764907837,
        0.36198341846466064,
        0.45743680000305176,
        0.5483141541481018,
        0.648656964302063,
        0.7526232600212097,
        0.8611730337142944,
        0.9940775036811829
    ],
    "cal_y": [
        NaN,
        NaN,
        0.25,
        0.5833333333333334,
        0.5370370370370371,
        0.631578947368421,
        0.8181818181818182,
        0.884393063583815,
        0.9810725552050473,
        0.9984840281537628
    ]
}