{
    "mnist_acc": 0.9884999990463257,
    "mnist_nll": 0.04258164018392563,
    "mnist_ece": 0.009801407080888757,
    "mnist_mce": 0.15292260381910538,
    "mnist_brier": 0.018200802366887946,
    "mnist_conf": 0.9790545701980591,
    "fmnist_conf": 0.7062886953353882,
    "auroc": 0.93987873,
    "cal_x": [
        0.05,
        0.15000000000000002,
        0.25,
        0.3771422505378723,
        0.4589666426181793,
        0.5549346208572388,
        0.6526329517364502,
        0.7523180842399597,
        0.8579378128051758,
        0.9917066097259521
    ],
    "cal_y": [
        NaN,
        NaN,
        NaN,
        0.36363636363636365,
        0.5789473684210527,
        0.5263157894736842,
        0.8055555555555556,
        0.8155339805825242,
        0.93717277486911,
        0.9979009235936188
    ]
}