{
    "mnist_acc": 0.9886999726295471,
    "mnist_nll": 2.2023041248321533,
    "mnist_ece": 0.878117015016079,
    "mnist_mce": 0.878117015016079,
    "mnist_brier": 0.8790603295730794,
    "mnist_conf": 0.11058298498392105,
    "fmnist_conf": 0.10700251162052155,
    "auroc": 0.947988665,
    "cal_x": [
        0.05,
        0.11058298498392105,
        0.25,
        0.35000000000000003,
        0.45,
        0.55,
        0.6500000000000001,
        0.75,
        0.8500000000000001,
        0.95
    ],
    "cal_y": [
        NaN,
        0.9887,
        NaN,
        NaN,
        NaN,
        NaN,
        NaN,
        NaN,
        NaN,
        NaN
    ]
}