{
    "mnist_acc": 0.10100000351667404,
    "mnist_nll": 4.195724010467529,
    "mnist_ece": 0.1832881716072559,
    "mnist_mce": 0.5490694284439087,
    "mnist_brier": 0.9904192454410738,
    "mnist_conf": 0.2842881977558136,
    "fmnist_conf": 0.2839292287826538,
    "auroc": 0.50258474,
    "cal_x": [
        0.05,
        0.19457246363162994,
        0.2548041045665741,
        0.342589408159256,
        0.4402013123035431,
        0.5445196032524109,
        0.641599178314209,
        0.7005392909049988,
        0.8500000000000001,
        0.95
    ],
    "cal_y": [
        NaN,
        0.09172259507829977,
        0.10473773265651438,
        0.08962083492914592,
        0.09037328094302555,
        0.07246376811594203,
        0.16666666666666666,
        1.0,
        NaN,
        NaN
    ]
}