{
    "mnist_acc": 0.9886999726295471,
    "mnist_nll": 1.3923503160476685,
    "mnist_ece": 0.7385787270635367,
    "mnist_mce": 0.7443039170097653,
    "mnist_brier": 0.6291871152692533,
    "mnist_conf": 0.25012126564979553,
    "fmnist_conf": 0.18577468395233154,
    "auroc": 0.9442636099999999,
    "cal_x": [
        0.05,
        0.18179351091384888,
        0.2528868019580841,
        0.35000000000000003,
        0.45,
        0.55,
        0.6500000000000001,
        0.75,
        0.8500000000000001,
        0.95
    ],
    "cal_y": [
        NaN,
        0.7789203084832905,
        0.9971907189678494,
        NaN,
        NaN,
        NaN,
        NaN,
        NaN,
        NaN,
        NaN
    ]
}