{
    "mnist_acc": 0.9884999990463257,
    "mnist_nll": 0.039291493594646454,
    "mnist_ece": 0.004376922786235794,
    "mnist_mce": 0.12412177644124844,
    "mnist_brier": 0.018028494999169545,
    "mnist_conf": 0.9928769469261169,
    "fmnist_conf": 0.8276472687721252,
    "auroc": 0.93387525,
    "cal_x": [
        0.05,
        0.15000000000000002,
        0.25,
        0.35000000000000003,
        0.46781685948371887,
        0.5467653274536133,
        0.6550971865653992,
        0.7582681179046631,
        0.8564440011978149,
        0.9985284805297852
    ],
    "cal_y": [
        NaN,
        NaN,
        NaN,
        NaN,
        0.4166666666666667,
        0.5454545454545454,
        0.55,
        0.6341463414634146,
        0.8292682926829268,
        0.9953022875816994
    ]
}