{
    "mnist_acc": 0.9886999726295471,
    "mnist_nll": 2.202224016189575,
    "mnist_ece": 0.878108104121685,
    "mnist_mce": 0.878108104121685,
    "mnist_brier": 0.8790430035417474,
    "mnist_conf": 0.11059189587831497,
    "fmnist_conf": 0.10702891647815704,
    "auroc": 0.9474300449999999,
    "cal_x": [
        0.05,
        0.11059189587831497,
        0.25,
        0.35000000000000003,
        0.45,
        0.55,
        0.6500000000000001,
        0.75,
        0.8500000000000001,
        0.95
    ],
    "cal_y": [
        NaN,
        0.9887,
        NaN,
        NaN,
        NaN,
        NaN,
        NaN,
        NaN,
        NaN,
        NaN
    ]
}