{
    "mnist_acc": 0.9884999990463257,
    "mnist_nll": 0.042581114917993546,
    "mnist_ece": 0.009720752343535432,
    "mnist_mce": 0.14944288512350812,
    "mnist_brier": 0.018200972938001738,
    "mnist_conf": 0.9790552854537964,
    "fmnist_conf": 0.7062816619873047,
    "auroc": 0.939892175,
    "cal_x": [
        0.05,
        0.15000000000000002,
        0.25,
        0.3772362768650055,
        0.4589492380619049,
        0.5556970834732056,
        0.6533740162849426,
        0.7523206472396851,
        0.8579336404800415,
        0.991707444190979
    ],
    "cal_y": [
        NaN,
        NaN,
        NaN,
        0.36363636363636365,
        0.5789473684210527,
        0.5344827586206896,
        0.8028169014084507,
        0.8155339805825242,
        0.93717277486911,
        0.9979009235936188
    ]
}