{
    "mnist_acc": 0.9873999953269958,
    "mnist_nll": 0.04621753469109535,
    "mnist_ece": 0.009713782751560238,
    "mnist_mce": 0.22111189365386963,
    "mnist_brier": 0.021126319777511244,
    "mnist_conf": 0.97768634557724,
    "fmnist_conf": 0.6451465487480164,
    "auroc": 0.948914425,
    "cal_x": [
        0.05,
        0.15000000000000002,
        0.27138057351112366,
        0.35568466782569885,
        0.45597174763679504,
        0.554123044013977,
        0.6495882272720337,
        0.7561503052711487,
        0.8595970869064331,
        0.99616938829422
    ],
    "cal_y": [
        NaN,
        NaN,
        0.6,
        0.2916666666666667,
        0.6078431372549019,
        0.7422680412371134,
        0.7674418604651163,
        0.9133333333333333,
        0.9660377358490566,
        0.9980690838875778
    ]
}