{
    "mnist_acc": 0.09950000047683716,
    "mnist_nll": 3.6847472190856934,
    "mnist_ece": 0.1770535826385021,
    "mnist_mce": 0.6372241973876953,
    "mnist_brier": 0.9790059015055864,
    "mnist_conf": 0.27655360102653503,
    "fmnist_conf": 0.2777077555656433,
    "auroc": 0.49342860000000005,
    "cal_x": [
        0.05,
        0.19263187050819397,
        0.2524009346961975,
        0.34138837456703186,
        0.4421707093715668,
        0.5349940657615662,
        0.6231545805931091,
        0.75,
        0.8500000000000001,
        0.95
    ],
    "cal_y": [
        NaN,
        0.10495626822157435,
        0.10928606277443487,
        0.10750421585160203,
        0.10275689223057644,
        0.09090909090909091,
        0.0,
        NaN,
        NaN,
        NaN
    ]
}