{
    "mnist_acc": 0.9366000294685364,
    "mnist_nll": 0.6026590466499329,
    "mnist_ece": 0.3464566545590758,
    "mnist_mce": 0.46814302290200727,
    "mnist_brier": 0.2633058158531913,
    "mnist_conf": 0.5901433825492859,
    "fmnist_conf": 0.3757607936859131,
    "auroc": 0.845228825,
    "cal_x": [
        0.05,
        0.18346048891544342,
        0.26554635167121887,
        0.3536524474620819,
        0.45176321268081665,
        0.5503478646278381,
        0.6492741703987122,
        0.7467249631881714,
        0.8429866433143616,
        0.9300001859664917
    ],
    "cal_y": [
        NaN,
        0.5454545454545454,
        0.503448275862069,
        0.7327014218009479,
        0.9273778920308483,
        0.9847094801223242,
        0.9958677685950413,
        0.9994162288382954,
        1.0,
        1.0
    ]
}