{
    "mnist_acc": 0.9886999726295471,
    "mnist_nll": 1.39235258102417,
    "mnist_ece": 0.7385793067574502,
    "mnist_mce": 0.7443103187539605,
    "mnist_brier": 0.629188081006012,
    "mnist_conf": 0.2501206696033478,
    "fmnist_conf": 0.1857759952545166,
    "auroc": 0.94425367,
    "cal_x": [
        0.05,
        0.1817466914653778,
        0.25288069248199463,
        0.35000000000000003,
        0.45,
        0.55,
        0.6500000000000001,
        0.75,
        0.8500000000000001,
        0.95
    ],
    "cal_y": [
        NaN,
        0.7783505154639175,
        0.9971910112359551,
        NaN,
        NaN,
        NaN,
        NaN,
        NaN,
        NaN,
        NaN
    ]
}