{
    "mnist_acc": 0.9887999892234802,
    "mnist_nll": 0.043912023305892944,
    "mnist_ece": 0.006357611247897101,
    "mnist_mce": 0.3994048535823822,
    "mnist_brier": 0.01841562679036112,
    "mnist_conf": 0.9945154190063477,
    "fmnist_conf": 0.8519626259803772,
    "auroc": 0.9336224949999999,
    "cal_x": [
        0.05,
        0.15000000000000002,
        0.25,
        0.3625095784664154,
        0.4530904293060303,
        0.5472267270088196,
        0.6526055335998535,
        0.7615711688995361,
        0.8533312678337097,
        0.9990331530570984
    ],
    "cal_y": [
        NaN,
        NaN,
        NaN,
        0.0,
        0.2,
        0.6538461538461539,
        0.5675675675675675,
        0.5555555555555556,
        0.7868852459016393,
        0.9945088468578401
    ]
}