{
    "mnist_acc": 0.9878000020980835,
    "mnist_nll": 0.6041666269302368,
    "mnist_ece": 0.41629643997550014,
    "mnist_mce": 0.6322556330345336,
    "mnist_brier": 0.23310059529156746,
    "mnist_conf": 0.5715036392211914,
    "fmnist_conf": 0.23868659138679504,
    "auroc": 0.9622843449999999,
    "cal_x": [
        0.05,
        0.18024931848049164,
        0.25559258460998535,
        0.3537420332431793,
        0.45224902033805847,
        0.5530831217765808,
        0.6537525653839111,
        0.7319566607475281,
        0.8013160228729248,
        0.95
    ],
    "cal_y": [
        NaN,
        0.5978260869565217,
        0.8747628083491461,
        0.9859976662777129,
        0.9960348929421095,
        0.9995226730310263,
        1.0,
        0.9994869163673679,
        1.0,
        NaN
    ]
}