{
    "mnist_acc": 0.987500011920929,
    "mnist_nll": 0.04900210723280907,
    "mnist_ece": 0.011275861567258872,
    "mnist_mce": 0.1662436199188232,
    "mnist_brier": 0.022005907734202093,
    "mnist_conf": 0.9762242436408997,
    "fmnist_conf": 0.6380391120910645,
    "auroc": 0.9506011350000001,
    "cal_x": [
        0.05,
        0.15000000000000002,
        0.27589425444602966,
        0.36591410636901855,
        0.4586125612258911,
        0.5522717237472534,
        0.6506097912788391,
        0.7560840249061584,
        0.8569291830062866,
        0.9958240389823914
    ],
    "cal_y": [
        NaN,
        NaN,
        0.0,
        0.64,
        0.5806451612903226,
        0.7021276595744681,
        0.8679245283018868,
        0.8905109489051095,
        0.9471830985915493,
        0.9983853606027987
    ]
}