{
    "mnist_acc": 0.988099992275238,
    "mnist_nll": 0.04457118734717369,
    "mnist_ece": 0.006374995228648239,
    "mnist_mce": 0.3920982778072357,
    "mnist_brier": 0.01861256057335608,
    "mnist_conf": 0.9944750070571899,
    "fmnist_conf": 0.8548334240913391,
    "auroc": 0.93340282,
    "cal_x": [
        0.05,
        0.15000000000000002,
        0.25,
        0.396154522895813,
        0.4642972946166992,
        0.5517563223838806,
        0.653998851776123,
        0.755381166934967,
        0.8528531193733215,
        0.9989733099937439
    ],
    "cal_y": [
        NaN,
        NaN,
        NaN,
        0.0,
        0.5,
        0.5,
        0.5526315789473685,
        0.5483870967741935,
        0.746031746031746,
        0.9945105215004575
    ]
}