{
    "mnist_acc": 0.9886999726295471,
    "mnist_nll": 1.9901832342147827,
    "mnist_ece": 0.851849181008339,
    "mnist_mce": 0.851849181008339,
    "mnist_brier": 0.8284444006072091,
    "mnist_conf": 0.13685081899166107,
    "fmnist_conf": 0.1235344260931015,
    "auroc": 0.9468059600000001,
    "cal_x": [
        0.05,
        0.13685081899166107,
        0.25,
        0.35000000000000003,
        0.45,
        0.55,
        0.6500000000000001,
        0.75,
        0.8500000000000001,
        0.95
    ],
    "cal_y": [
        NaN,
        0.9887,
        NaN,
        NaN,
        NaN,
        NaN,
        NaN,
        NaN,
        NaN,
        NaN
    ]
}