{
    "mnist_acc": 0.10260000079870224,
    "mnist_nll": 4.107570648193359,
    "mnist_ece": 0.18060167363882068,
    "mnist_mce": 0.7300922274589539,
    "mnist_brier": 0.986643488082661,
    "mnist_conf": 0.283201664686203,
    "fmnist_conf": 0.28038471937179565,
    "auroc": 0.5110545599999999,
    "cal_x": [
        0.05,
        0.19358308613300323,
        0.2540051341056824,
        0.3411424160003662,
        0.44007912278175354,
        0.5443673133850098,
        0.6532093286514282,
        0.7062849402427673,
        0.8500000000000001,
        0.95
    ],
    "cal_y": [
        NaN,
        0.09413067552602436,
        0.1031329381879763,
        0.10993176648976498,
        0.08158995815899582,
        0.14705882352941177,
        0.0,
        0.0,
        NaN,
        NaN
    ]
}