{
    "mnist_acc": 0.9886000156402588,
    "mnist_nll": 0.04687771201133728,
    "mnist_ece": 0.00854408355951307,
    "mnist_mce": 0.23447442054748535,
    "mnist_brier": 0.02052499073821997,
    "mnist_conf": 0.9800559282302856,
    "fmnist_conf": 0.6685978174209595,
    "auroc": 0.94556915,
    "cal_x": [
        0.05,
        0.15000000000000002,
        0.2973721921443939,
        0.35970020294189453,
        0.45990684628486633,
        0.5514793992042542,
        0.6526138186454773,
        0.7509300112724304,
        0.8602633476257324,
        0.9965310096740723
    ],
    "cal_y": [
        NaN,
        NaN,
        0.5,
        0.3888888888888889,
        0.4444444444444444,
        0.620253164556962,
        0.8021978021978022,
        0.8625954198473282,
        0.9267015706806283,
        0.9984115217621519
    ]
}