{
    "mnist_acc": 0.9883999824523926,
    "mnist_nll": 0.042248133569955826,
    "mnist_ece": 0.002843465903401424,
    "mnist_mce": 0.3436100014618465,
    "mnist_brier": 0.01882912124598566,
    "mnist_conf": 0.9882819056510925,
    "fmnist_conf": 0.7484179735183716,
    "auroc": 0.9408649700000001,
    "cal_x": [
        0.05,
        0.15000000000000002,
        0.2891235947608948,
        0.3726334273815155,
        0.4586305618286133,
        0.5442658066749573,
        0.6545507907867432,
        0.7526383399963379,
        0.8561632633209229,
        0.9979822039604187
    ],
    "cal_y": [
        NaN,
        NaN,
        0.0,
        0.2,
        0.4090909090909091,
        0.5740740740740741,
        0.78,
        0.7471264367816092,
        0.8706896551724138,
        0.9969991721854304
    ]
}