{
    "mnist_acc": 0.9886999726295471,
    "mnist_nll": 0.04352158308029175,
    "mnist_ece": 0.006579605159163465,
    "mnist_mce": 0.25557196140289307,
    "mnist_brier": 0.018475344943500227,
    "mnist_conf": 0.9946097731590271,
    "fmnist_conf": 0.8581234216690063,
    "auroc": 0.93301212,
    "cal_x": [
        0.05,
        0.15000000000000002,
        0.25,
        0.35000000000000003,
        0.45760878920555115,
        0.5550317764282227,
        0.6538703441619873,
        0.7555719614028931,
        0.8590160608291626,
        0.9989781975746155
    ],
    "cal_y": [
        NaN,
        NaN,
        NaN,
        NaN,
        0.4,
        0.6666666666666666,
        0.5555555555555556,
        0.5,
        0.7241379310344828,
        0.9948160195161618
    ]
}