{
    "mnist_acc": 0.9876999855041504,
    "mnist_nll": 0.04081454500555992,
    "mnist_ece": 0.003440034043788952,
    "mnist_mce": 0.3700607419013977,
    "mnist_brier": 0.018471953179201042,
    "mnist_conf": 0.9882315397262573,
    "fmnist_conf": 0.7315788269042969,
    "auroc": 0.9528789449999999,
    "cal_x": [
        0.05,
        0.15000000000000002,
        0.25,
        0.36469173431396484,
        0.460740864276886,
        0.5493312478065491,
        0.6469799280166626,
        0.7491312026977539,
        0.858141303062439,
        0.9983543753623962
    ],
    "cal_y": [
        NaN,
        NaN,
        NaN,
        0.3333333333333333,
        0.38461538461538464,
        0.6,
        0.6470588235294118,
        0.7931034482758621,
        0.8939393939393939,
        0.9968873210209587
    ]
}