{
    "mnist_acc": 0.9884999990463257,
    "mnist_nll": 0.34683722257614136,
    "mnist_ece": 0.26824469182789323,
    "mnist_mce": 0.4542104547449167,
    "mnist_brier": 0.10607891103599129,
    "mnist_conf": 0.7202553749084473,
    "fmnist_conf": 0.41533833742141724,
    "auroc": 0.9426976050000001,
    "cal_x": [
        0.05,
        0.15000000000000002,
        0.2706742584705353,
        0.3548571765422821,
        0.45450323820114136,
        0.5567170977592468,
        0.660794198513031,
        0.7567384243011475,
        0.812171220779419,
        0.95
    ],
    "cal_y": [
        NaN,
        NaN,
        0.5,
        0.6903225806451613,
        0.9087136929460581,
        0.9751552795031055,
        0.9943644333124608,
        0.9997028673302629,
        1.0,
        NaN
    ]
}