{
    "mnist_acc": 0.9883000254631042,
    "mnist_nll": 0.042147934436798096,
    "mnist_ece": 0.005339725154638328,
    "mnist_mce": 0.17661023139953613,
    "mnist_brier": 0.018453560634008995,
    "mnist_conf": 0.9930216670036316,
    "fmnist_conf": 0.821968138217926,
    "auroc": 0.934816965,
    "cal_x": [
        0.05,
        0.15000000000000002,
        0.25,
        0.3461371958255768,
        0.47150683403015137,
        0.5467515587806702,
        0.6505939960479736,
        0.74712073802948,
        0.8534137606620789,
        0.9988416433334351
    ],
    "cal_y": [
        NaN,
        NaN,
        NaN,
        0.0,
        0.5,
        0.6,
        0.6551724137931034,
        0.6567164179104478,
        0.7285714285714285,
        0.9955074535429855
    ]
}