{
    "mnist_acc": 0.987500011920929,
    "mnist_nll": 0.039707113057374954,
    "mnist_ece": 0.001801467460393889,
    "mnist_mce": 0.08261831038033784,
    "mnist_brier": 0.018856531526895256,
    "mnist_conf": 0.9857953190803528,
    "fmnist_conf": 0.7734538316726685,
    "auroc": 0.9420686450000001,
    "cal_x": [
        0.05,
        0.15000000000000002,
        0.25,
        0.36451593041419983,
        0.46009737253189087,
        0.5487136840820312,
        0.6487249732017517,
        0.7556357979774475,
        0.8587360382080078,
        0.9973591566085815
    ],
    "cal_y": [
        NaN,
        NaN,
        NaN,
        0.42857142857142855,
        0.4473684210526316,
        0.56,
        0.7313432835820896,
        0.7802197802197802,
        0.9104477611940298,
        0.9975015615240475
    ]
}