{
    "mnist_acc": 0.9872000217437744,
    "mnist_nll": 0.04938921704888344,
    "mnist_ece": 0.012410224002599713,
    "mnist_mce": 0.17519067128499344,
    "mnist_brier": 0.021526706030990432,
    "mnist_conf": 0.9755688309669495,
    "fmnist_conf": 0.6223320364952087,
    "auroc": 0.9559921050000001,
    "cal_x": [
        0.05,
        0.15000000000000002,
        0.26946181058883667,
        0.3704989552497864,
        0.45395219326019287,
        0.5505093932151794,
        0.6517367959022522,
        0.7561519742012024,
        0.857995867729187,
        0.9955032467842102
    ],
    "cal_y": [
        NaN,
        NaN,
        0.4,
        0.3,
        0.5087719298245614,
        0.696969696969697,
        0.7373737373737373,
        0.8993288590604027,
        0.9850187265917603,
        0.9980653482373173
    ]
}