{
    "mnist_acc": 0.09830000251531601,
    "mnist_nll": 4.212550163269043,
    "mnist_ece": 0.18430240789055827,
    "mnist_mce": 0.7378361225128174,
    "mnist_brier": 0.9889287931226262,
    "mnist_conf": 0.2826023995876312,
    "fmnist_conf": 0.28456565737724304,
    "auroc": 0.49214663,
    "cal_x": [
        0.05,
        0.19387935101985931,
        0.254297137260437,
        0.34169143438339233,
        0.4385632872581482,
        0.5390893816947937,
        0.647828221321106,
        0.75,
        0.8500000000000001,
        0.95
    ],
    "cal_y": [
        NaN,
        0.11399548532731377,
        0.10180149558123726,
        0.10646387832699619,
        0.11478599221789883,
        0.04938271604938271,
        0.2,
        NaN,
        NaN,
        NaN
    ]
}