{
    "mnist_acc": 0.9868000149726868,
    "mnist_nll": 0.051630616188049316,
    "mnist_ece": 0.01102109492421148,
    "mnist_mce": 0.29970744252204895,
    "mnist_brier": 0.023179994884056965,
    "mnist_conf": 0.975838840007782,
    "fmnist_conf": 0.6421878933906555,
    "auroc": 0.94832601,
    "cal_x": [
        0.05,
        0.15000000000000002,
        0.28060513734817505,
        0.36910030245780945,
        0.4521618187427521,
        0.5511793494224548,
        0.6523957252502441,
        0.7555332183837891,
        0.8593376874923706,
        0.9957823753356934
    ],
    "cal_y": [
        NaN,
        NaN,
        0.0,
        0.5625,
        0.6530612244897959,
        0.6354166666666666,
        0.8037383177570093,
        0.8958333333333334,
        0.95703125,
        0.9981779206859592
    ]
}