{
    "mnist_acc": 0.9886999726295471,
    "mnist_nll": 1.988419532775879,
    "mnist_ece": 0.8516017025232315,
    "mnist_mce": 0.8516017025232315,
    "mnist_brier": 0.8279690121489555,
    "mnist_conf": 0.1370982974767685,
    "fmnist_conf": 0.12291266769170761,
    "auroc": 0.9525457800000001,
    "cal_x": [
        0.05,
        0.1370982974767685,
        0.25,
        0.35000000000000003,
        0.45,
        0.55,
        0.6500000000000001,
        0.75,
        0.8500000000000001,
        0.95
    ],
    "cal_y": [
        NaN,
        0.9887,
        NaN,
        NaN,
        NaN,
        NaN,
        NaN,
        NaN,
        NaN,
        NaN
    ]
}