{
    "mnist_acc": 0.9884999990463257,
    "mnist_nll": 0.34696823358535767,
    "mnist_ece": 0.2683398264050484,
    "mnist_mce": 0.454265052599531,
    "mnist_brier": 0.1061358039513973,
    "mnist_conf": 0.7201601266860962,
    "fmnist_conf": 0.4153078496456146,
    "auroc": 0.942672925,
    "cal_x": [
        0.05,
        0.15000000000000002,
        0.27131468057632446,
        0.35516950488090515,
        0.4544486403465271,
        0.5566372871398926,
        0.6607488393783569,
        0.7566938400268555,
        0.812177836894989,
        0.95
    ],
    "cal_y": [
        NaN,
        NaN,
        0.5111111111111111,
        0.6883116883116883,
        0.9087136929460581,
        0.9751552795031055,
        0.9943714821763602,
        0.9997030438010394,
        1.0,
        NaN
    ]
}