{
    "mnist_acc": 0.9872999787330627,
    "mnist_nll": 0.1796996295452118,
    "mnist_ece": 0.12050023518204689,
    "mnist_mce": 0.49079354827095867,
    "mnist_brier": 0.060193509018034184,
    "mnist_conf": 0.8667998313903809,
    "fmnist_conf": 0.3701888918876648,
    "auroc": 0.95745345,
    "cal_x": [
        0.05,
        0.18899600207805634,
        0.26030075550079346,
        0.3486267328262329,
        0.4513833224773407,
        0.5532351136207581,
        0.6524845957756042,
        0.7538302540779114,
        0.8581912517547607,
        0.9666991829872131
    ],
    "cal_y": [
        NaN,
        0.3333333333333333,
        0.6776859504132231,
        0.7894736842105263,
        0.9421768707482994,
        0.9798270893371758,
        0.9962264150943396,
        0.9943422913719944,
        1.0,
        0.9996858803204021
    ]
}