{
    "mnist_acc": 0.9879000186920166,
    "mnist_nll": 0.04130307957530022,
    "mnist_ece": 0.005243785223364881,
    "mnist_mce": 0.36483609676361084,
    "mnist_brier": 0.018168474776635118,
    "mnist_conf": 0.9930083155632019,
    "fmnist_conf": 0.8198947310447693,
    "auroc": 0.93491432,
    "cal_x": [
        0.05,
        0.15000000000000002,
        0.25,
        0.36460140347480774,
        0.478352814912796,
        0.5481710433959961,
        0.6545332670211792,
        0.7515262365341187,
        0.8600303530693054,
        0.998740553855896
    ],
    "cal_y": [
        NaN,
        NaN,
        NaN,
        0.0,
        0.8333333333333334,
        0.4634146341463415,
        0.627906976744186,
        0.6578947368421053,
        0.7375,
        0.9955056179775281
    ]
}